epoch,lr,batch_size,train_loss,val_accuracy,val_f1
1,0.0001,16,0.46652246128320696,0.815,0.8149967365424327
2,0.0001,16,0.41089611712098123,0.8134,0.8124864263687255
3,0.0001,16,0.399121447083354,0.816,0.8157665098439157
