accuracy,f1_macro,f1_weighted,inference_time_sec
0.8274,0.8270113359892473,0.8270113359892471,28.506807327270508
