accuracy,f1_macro,f1_weighted,inference_time_sec
0.8414,0.8412270963078793,0.8412270963078794,31.114588737487793
